{
"conf": {"name":"Scene A",
"fbWidth":320,
"fbHeight":240,
"fbFormat":0,"clearColor":[0.9677419662475586,0.9467204809188843,0.31607699394226074,1.0],
"doClearColor":true,
"doClearDepth":true},
"graph": {"id":0,
"name":"Scene",
"uuid":5151655023439922290,"pos":[0.0,0.0,0.0],"rot":[0.0,0.0,0.0,1.0],"scale":[1.0,1.0,1.0],"components":[],"children":[{"id":13,
"name":"Test 1",
"uuid":10013922054354267862,"pos":[1.0,0.0,0.0],"rot":[0.0,0.0,0.0,1.0],"scale":[1.0,1.0,1.0],"components":[{"id":0,
"uuid":8610499884717988503,
"name":" Code A","data":{"script":42}
}],"children":[]}]}
}
