{
"conf": {"name":"Test 2",
"fbWidth":640,
"fbHeight":480,
"fbFormat":0,"clearColor":[0.0,0.0,0.0,1.0],
"doClearColor":true,
"doClearDepth":true},
"graph": {"id":0,
"name":"Scene",
"uuid":4252910706,
"selectable":true,
"enabled":true,
"isGroup":true,"pos":[0.0,0.0,0.0],"rot":[0.0,0.0,0.0,0.0],"scale":[0.0,0.0,0.0],"components":[],"children":[{"id":1,
"name":"New Object (1)",
"uuid":351719829,
"selectable":true,
"enabled":true,
"isGroup":false,"pos":[0.0,0.0,0.0],"rot":[0.0,0.24087582528591156,0.0,0.9705559015274048],"scale":[0.015624991618096828,0.015625,0.015624991618096828],"components":[{"id":1,
"uuid":9614790877062927224,
"name":"Model","data":{"model":609763195473553947}
},
{"id":2,
"uuid":9042892116448633495,
"name":"Light","data":{"index":0,
"type":1,"color":[0.0,0.008064508438110352,1.0,0.0]}
},
{"id":0,
"uuid":14549813128960327113,
"name":"Code","data":{"script":14100591792882240448,"args":{"sceneId":"1",
"speed":"1"}}
}],"children":[]},
{"id":2,
"name":"New Object (2)",
"uuid":2464174931,
"selectable":true,
"enabled":true,
"isGroup":false,"pos":[-1.6108736991882324,1.3566970825195313,0.2571481168270111],"rot":[0.0,0.0,0.0,1.0],"scale":[0.015625,0.015625,0.015625],"components":[{"id":3,
"uuid":642406873893456379,
"name":"Camera","data":{"vpOffset":[0,0],"vpSize":[640,480],
"fov":1.3089969158172607,
"near":0.10000000149011612,
"far":100.0}
}],"children":[]}]}
}
